{
    "epochs": [
        1,
        2,
        3,
        4,
        5,
        6,
        7,
        8,
        9,
        10,
        11,
        12,
        13,
        14,
        15,
        16,
        17,
        18,
        19,
        20,
        21,
        22,
        23,
        24,
        25,
        26,
        27,
        28,
        29,
        30,
        31,
        32,
        33,
        34,
        35,
        36,
        37,
        38,
        39,
        40,
        41,
        42,
        43,
        44,
        45,
        46,
        47,
        48,
        49,
        50,
        51,
        52,
        53,
        54,
        55,
        56,
        57,
        58,
        59,
        60,
        61,
        62,
        63,
        64,
        65,
        66,
        67,
        68,
        69,
        70,
        71,
        72,
        73
    ],
    "train_loss": [
        1.2168607546583465,
        1.0631668489912283,
        1.0101165068538294,
        0.992545636775701,
        0.9816535218902256,
        0.9749662464727527,
        0.9702783181615497,
        0.9656880941727887,
        0.9616240567487219,
        0.9597051467584528,
        0.9576455707783285,
        0.9553096414260243,
        0.9536139534219451,
        0.9517438421430795,
        0.9504251480102539,
        0.9481248887984649,
        0.9469397508579752,
        0.94699403092913,
        0.945023124632628,
        0.9440009470867075,
        0.9435727797124697,
        0.9419449263292811,
        0.9421687265453131,
        0.9405001214017039,
        0.939880599146304,
        0.9385010538541753,
        0.9382091912886371,
        0.936599524124809,
        0.9362128082176914,
        0.935238047786381,
        0.9347664056264836,
        0.9338415109592936,
        0.9331354897307313,
        0.9329053017756214,
        0.9324158686010734,
        0.9301311765675959,
        0.9304092957273774,
        0.9301540449909542,
        0.9290409298694652,
        0.9291704164251037,
        0.9278990862810094,
        0.9277653295708739,
        0.9266573482233545,
        0.9267479929587116,
        0.9262903698760531,
        0.9260916729336199,
        0.9244934109889943,
        0.925217068389706,
        0.9232860226993975,
        0.923130169186903,
        0.9227015074828396,
        0.9225673996236013,
        0.9217319449652797,
        0.9213976458362911,
        0.9204005871130072,
        0.9201399236917496,
        0.9196940764136936,
        0.9193153838100641,
        0.9191824816491293,
        0.919038752498834,
        0.9184840483509976,
        0.9179317147835441,
        0.9172521712987319,
        0.9171827166624691,
        0.9170632090257562,
        0.9170499952590984,
        0.9162763736170271,
        0.9160087921697161,
        0.9152606223588404,
        0.9151618564906328,
        0.9149530996447024,
        0.9145887905488843,
        0.9140771569117255
    ],
    "test_accuracy": [
        0.9083095108695652,
        0.9188977581521739,
        0.9221544836956522,
        0.9248204483695652,
        0.92449375,
        0.92365625,
        0.9230824048913043,
        0.9224042798913044,
        0.9221517663043478,
        0.9212547554347826,
        0.9217939538043478,
        0.9202967391304347,
        0.9203745923913044,
        0.9210279891304348,
        0.9200786684782609,
        0.9205166440217392,
        0.9194304347826087,
        0.9195861413043478,
        0.9183425271739131,
        0.9174492527173913,
        0.9196218070652173,
        0.919941847826087,
        0.9182433423913043,
        0.9184025815217391,
        0.9175766304347827,
        0.9184623641304348,
        0.9160213315217391,
        0.9193665760869565,
        0.9178822690217391,
        0.9161293478260869,
        0.9161886548913043,
        0.9170161005434783,
        0.915596535326087,
        0.9164434782608696,
        0.9152380434782609,
        0.9155040760869565,
        0.9159014945652174,
        0.9150872961956522,
        0.9153459918478261,
        0.9153,
        0.9143506793478261,
        0.9150627038043478,
        0.9146896059782609,
        0.9138252038043478,
        0.9148315896739131,
        0.914016508152174,
        0.9156032608695652,
        0.9160506793478261,
        0.9150747961956521,
        0.9162544836956522,
        0.9149796195652173,
        0.9156675271739131,
        0.9140086277173913,
        0.9157724184782609,
        0.9158458559782608,
        0.9148920516304347,
        0.9161180027173913,
        0.9158072010869566,
        0.916317527173913,
        0.9171104619565218,
        0.916337839673913,
        0.9162144701086956,
        0.9160021059782608,
        0.9160145380434782,
        0.9162228260869565,
        0.9155860733695652,
        0.9159385190217392,
        0.9160960597826087,
        0.9167153532608696,
        0.9159514266304348,
        0.9159697690217391,
        0.9168351902173913,
        0.9163342391304348
    ]
}